{"ver":"0.1","renderpass":[{"outputs":[{"channel":0,"id":"4dfGRr"}],"inputs":[],"code":"// KHOGDEN 001115381\n\n// cosine based palette, 4 vec3 params\nvec3 palette(float t)\n{\n vec3 a = vec3(0.5, 0.5, 0.5);\n vec3 b = vec3(0.5, 0.5, 0.5);\n vec3 c = vec3(1.0, 1.0, 1.0);\n vec3 d = vec3(0.0, 0.10, 0.20);\n\n return a + b*cos( 6.28318*(c*t+d) );\n}\n\nvoid mainImage( out vec4 fragColor, in vec2 fragCoord )\n{\n    // Normalized pixel coordinates (from 0 to 1)\n    vec2 uv = (fragCoord * 2.0 - iResolution.xy) / iResolution.y;\n    float d = length(uv * 8.0);\n    vec3 color = palette(d + iTime);\n    d = sin(d + iTime);\n    \n    fragColor = vec4(color, uv);\n}","name":"Image","description":"","type":"image"}],"flags":{"mFlagVR":false,"mFlagWebcam":false,"mFlagSoundInput":false,"mFlagSoundOutput":false,"mFlagKeyboard":false,"mFlagMultipass":false,"mFlagMusicStream":false},"info":{"id":"-1","date":"1358124981","viewed":0,"name":"","username":"None","description":"","likes":0,"hasliked":0,"tags":[],"published":0}}