{"ver":"0.1","renderpass":[{"outputs":[{"channel":0,"id":"4dfGRr"}],"inputs":[],"code":"// KHOGDEN 001115381\n\n// SELF NOTE - The number on this can be adjusted to make the display more distorted or smooth.\n# define NUM_NOISE_OCTAVES 2\n\nfloat rand(vec2 co)\n{\n    return fract(sin(dot(co.xy, vec2(12.9898,78.233))) * 43758.5453);\n}\n\nfloat noise(vec2 x) {\n    vec2 i = floor(x);\n    vec2 f = fract(x);\n\n\t// Four corners in 2D of a tile\n\tfloat a = rand(i);\n    float b = rand(i + vec2(1.0, 0.0));\n    float c = rand(i + vec2(0.0, 1.0));\n    float d = rand(i + vec2(1.0, 1.0));\n\n    // Simple 2D lerp using smoothstep envelope between the values.\n\t// return vec3(mix(mix(a, b, smoothstep(0.0, 1.0, f.x)),\n\t//\t\t\tmix(c, d, smoothstep(0.0, 1.0, f.x)),\n\t//\t\t\tsmoothstep(0.0, 1.0, f.y)));\n\n\t// Same code, with the clamps in smoothstep and common subexpressions\n\t// optimized away.\n    vec2 u = f * f * (3.0 - 2.0 * f);\n\treturn mix(a, b, u.x) + (c - a) * u.y * (1.0 - u.x) + (d - b) * u.x * u.y;\n}\n\nfloat fbm(vec2 x) {\n\tfloat v = 0.0;\n\tfloat a = 0.5;\n\tvec2 shift = vec2(100);\n\t// Rotate to reduce axial bias\n    mat2 rot = mat2(cos(0.5), sin(0.5), -sin(0.5), cos(0.50));\n\tfor (int i = 0; i < NUM_NOISE_OCTAVES; ++i) {\n\t\tv += a * noise(x);\n\t\tx = rot * x * 2.0 + shift;\n\t\ta *= 0.5;\n\t}\n\treturn v;\n}\n\nvoid mainImage( out vec4 fragColor, in vec2 fragCoord )\n{\n    // Normalized pixel coordinates (from 0 to 1)\n    vec2 uv = fragCoord/iResolution.xy * 4.0;\n    vec2 q = vec2(0.,0.);\n    \n    q.x = fbm(uv + iTime);\n    q.y = fbm(uv + iTime);\n    \n    float f = fbm(q + uv);\n    \n    fragColor = vec4(cos(f * 30.0), cos(f * 40.0), cos(f * 20.0), 1.0);\n}","name":"Image","description":"","type":"image"}],"flags":{"mFlagVR":false,"mFlagWebcam":false,"mFlagSoundInput":false,"mFlagSoundOutput":false,"mFlagKeyboard":false,"mFlagMultipass":false,"mFlagMusicStream":false},"info":{"id":"X3lGRH","date":"0","viewed":0,"name":"labtask3","description":"For university coursework!","likes":0,"published":"Private","usePreview":0,"tags":["heatmap","university"],"hasliked":0,"parentid":"","parentname":""}}