{"ver":"0.1","renderpass":[{"outputs":[{"channel":0,"id":"4dfGRr"}],"inputs":[],"code":"// KHOGDEN 001115381\n\nfloat rand(vec2 co)\n{\n    return fract(sin(dot(co.xy, vec2(12.9898,78.233))) * 43758.5453);\n}\n\nvoid mainImage( out vec4 fragColor, in vec2 fragCoord )\n{\n    // Normalized pixel coordinates (from 0 to 1)\n    vec2 uv = fragCoord/iResolution.y;\n    vec2 tilingResolution = vec2(6.0, 9.0);\n    \n    // KH - Added '+ iTime' to both these lines to make them move!\n    vec2 tileCoordinates = floor(uv * tilingResolution + iTime);\n    vec2 blockCoordinates = fract(uv * tilingResolution + iTime);\n    \n    vec2 randomizedBlockCenter = vec2(mix(0.1, 0.9, rand(tileCoordinates / tilingResolution)));\n    float distanceFromCenter = distance(randomizedBlockCenter, blockCoordinates);\n    float centerFactor = distanceFromCenter - 1.0;\n    float fragmentColor = pow(centerFactor, 2.0);\n    \n    fragColor = vec4(fragmentColor);\n}","name":"Image","description":"","type":"image"}],"flags":{"mFlagVR":false,"mFlagWebcam":false,"mFlagSoundInput":false,"mFlagSoundOutput":false,"mFlagKeyboard":false,"mFlagMultipass":false,"mFlagMusicStream":false},"info":{"id":"-1","date":"1358124981","viewed":0,"name":"","username":"None","description":"","likes":0,"hasliked":0,"tags":[],"published":0}}